AE_text,true_LLT_term,pred_LLT_term,true_PT_term,pred_PT_term,LLT_correct,PT_correct,exact_LLT_match,LLT_fuzzy_score,LLT_fuzzy_match,exact_PT_match,PT_fuzzy_score,PT_fuzzy_match,true_LLT_Code,true_PT_Code,pred_LLT_Code,pred_PT_Code
abdominal pain,Abdominal pain,Abdominal pain,Abdominalschmerz,Abdominalschmerz,True,True,True,100.0,True,True,100.0,True,10000081,10000081,10000081,10000081
Abscess scrotum,Scrotal abscess,Scrotal abscess,Skrotalabszess,Skrotalabszess,True,True,True,100.0,True,True,100.0,True,10049571,10049571,10049571,10049571
absence of appetite,Appetite absent,Appetite absent,Appetit vermindert,Appetit vermindert,True,True,True,100.0,True,True,100.0,True,10003017,10061428,10003017,10061428
Abszess ischiorectal,Ischiorectal abscess,Ischiorectal abscess,,,True,True,True,100.0,True,False,0.0,False,10023046,10048947,10023046,10048947
acut respiratory distress syndrom due to pneumonia,Pneumonia,Respiratory distress syndrome,Pneumonie,Akutes Atemnotsyndrom,False,False,False,15.789473684210531,False,False,26.66666666666667,False,10035664,10035664,10038689,10001052
acute Cholezystitis,Cholecystitis acute,Cholecystitis acute,Akute Cholezystitis,Akute Cholezystitis,True,True,True,100.0,True,True,100.0,True,10008614,10008614,10008614,10008614
acute coronary syndrom,Acute coronary syndrome,Acute coronary syndrome,Akutes Koronarsyndrom,Akutes Koronarsyndrom,True,True,True,100.0,True,True,100.0,True,10051592,10051592,10051592,10051592
Acute coronary syndrom with cardiac troponin t increased,Acute coronary syndrome,Acute coronary syndrome,Akutes Koronarsyndrom,Akutes Koronarsyndrom,True,True,True,100.0,True,True,100.0,True,10051592,10051592,10051592,10051592
acute kidney failure,Acute kidney failure,Acute kidney failure,Akute Nierenschaedigung,Akute Nierenschaedigung,True,True,True,100.0,True,True,100.0,True,10000821,10069339,10000821,10069339
acute kidney failure AKIN I,Acute renal insufficiency,Acute kidney failure,Akute Nierenschaedigung,Akute Nierenschaedigung,False,True,False,48.88888888888889,False,True,100.0,True,10050440,10069339,10000821,10069339
acute kidney injury,Acute kidney injury,Acute kidney injury,Akute Nierenschaedigung,Akute Nierenschaedigung,True,True,True,100.0,True,True,100.0,True,10069339,10069339,10069339,10069339
Acute kidney injury,Acute kidney injury,Acute kidney injury,Akute Nierenschaedigung,Akute Nierenschaedigung,True,True,True,100.0,True,True,100.0,True,10069339,10069339,10069339,10069339
acute renal failure,Acute renal failure,Acute renal failure,Akute Nierenschaedigung,Akute Nierenschaedigung,True,True,True,100.0,True,True,100.0,True,10001041,10069339,10001041,10069339
acute renal failure (AKIN II),Renal failure,Acute renal failure,Nierenversagen,Akute Nierenschaedigung,False,False,False,81.25,False,False,54.054054054054056,False,10038435,10038435,10001041,10069339
alanine aminotransferase increased,Alanine aminotransferase increased,Alanine aminotransferase increased,Alaninaminotransferase erhoeht,Alaninaminotransferase erhoeht,True,True,True,100.0,True,True,100.0,True,10001551,10001551,10001551,10001551
ALAT increased,Alanine aminotransferase increased,Alanine aminotransferase increased,Alaninaminotransferase erhoeht,Alaninaminotransferase erhoeht,True,True,True,100.0,True,True,100.0,True,10001551,10001551,10001551,10001551
Alkaline phoshatase increased,Alkaline phosphatase NOS increased,Alkaline phosphatase increased,Alkalische Phosphatase im Blut erhoeht,Alkalische Phosphatase im Blut erhoeht,False,True,False,93.75,True,True,100.0,True,10001677,10059570,10001675,10059570
allegic reaction platelet transfusion,Allergic transfusion reaction,Allergic transfusion reaction,Allergische Transfusionsreaktion,Allergische Transfusionsreaktion,True,True,True,100.0,True,True,100.0,True,10066173,10066173,10066173,10066173
allergic reaction,Allergic reaction,Allergic reaction NOS,Ueberempfindlichkeit,Ueberempfindlichkeit,False,True,False,89.47368421052632,False,True,100.0,True,10001718,10020751,10001719,10020751
Allergic reaction cytarabin and daunorubicin,Allergic reaction to chemotherapy,Allergic reaction to chemotherapy,,,True,True,True,100.0,True,False,0.0,False,10085395,10013700,10085395,10013700
Allergic reaction of Ambisome,Allergic reaction to drug,Allergic reaction to drug,,,True,True,True,100.0,True,False,0.0,False,10082135,10013700,10082135,10013700
Allergic reaction paltelet transfusion,Allergic transfusion reaction,Allergic transfusion reaction,Allergische Transfusionsreaktion,Allergische Transfusionsreaktion,True,True,True,100.0,True,True,100.0,True,10066173,10066173,10066173,10066173
allergic reaction platelet concentrate,Allergic transfusion reaction,Allergic transfusion reaction,Allergische Transfusionsreaktion,Allergische Transfusionsreaktion,True,True,True,100.0,True,True,100.0,True,10066173,10066173,10066173,10066173
allergic reaction platelet transfusion,Allergic transfusion reaction,Allergic transfusion reaction,Allergische Transfusionsreaktion,Allergische Transfusionsreaktion,True,True,True,100.0,True,True,100.0,True,10066173,10066173,10066173,10066173
allergic reaction platelets transfusion,Allergic transfusion reaction,Allergic transfusion reaction,Allergische Transfusionsreaktion,Allergische Transfusionsreaktion,True,True,True,100.0,True,True,100.0,True,10066173,10066173,10066173,10066173
allergic reaction red blood cell transfusion,Allergic transfusion reaction,Allergic transfusion reaction,Allergische Transfusionsreaktion,Allergische Transfusionsreaktion,True,True,True,100.0,True,True,100.0,True,10066173,10066173,10066173,10066173
allergic reaction to daunorubicine,Allergic reaction to chemotherapy,Allergic reaction to drug,,,False,True,False,75.86206896551724,False,False,0.0,False,10085395,10013700,10082135,10013700
Alopecia,Alopecia,Alopecia,Alopezie,Alopezie,True,True,True,100.0,True,True,100.0,True,10001760,10001760,10001760,10001760
Alopezie,Alopecia,Alopecia,Alopezie,Alopezie,True,True,True,100.0,True,True,100.0,True,10001760,10001760,10001760,10001760
ALT increased,ALT increased,ALT increased,Alaninaminotransferase erhoeht,Alaninaminotransferase erhoeht,True,True,True,100.0,True,True,100.0,True,10001845,10001551,10001845,10001551
Anaemia,Anaemia,Anaemia NOS,Anaemie,Anaemie,False,True,False,77.77777777777779,False,True,100.0,True,10002034,10002034,10002071,10002034
Anaemie,Anaemia,Anaemia,Anaemie,Anaemie,True,True,True,100.0,True,True,100.0,True,10002034,10002034,10002034,10002034
Anal fissur,Anal fissure,Anal fissure,Analfissur,Analfissur,True,True,True,100.0,True,True,100.0,True,10002153,10002153,10002153,10002153
Anal ulcer,Anal ulcer,Anal ulcer,Analulkus,Analulkus,True,True,True,100.0,True,True,100.0,True,10002180,10002180,10002180,10002180
Anemia,Anemia,Anemia,Anaemie,Anaemie,True,True,True,100.0,True,True,100.0,True,10002272,10002034,10002272,10002034
anorexia (parenteral nutrition was necessary,Anorexia,Anorexia,Appetit vermindert,Appetit vermindert,True,True,True,100.0,True,True,100.0,True,10002646,10061428,10002646,10061428
anorexia (parenterale nutrition was nessessary),Inappetence,Anorexia,Appetit vermindert,Appetit vermindert,False,True,False,31.57894736842105,False,True,100.0,True,10054792,10061428,10002646,10061428
Anurie,Anuria,Anuria,Anurie,Anurie,True,True,True,100.0,True,True,100.0,True,10002847,10002847,10002847,10002847
ARDS by neutropenic sepsis and acute renal failure,Neutropenic sepsis,Acute renal failure,Neutropenische Sepsis,Akute Nierenschaedigung,False,False,False,37.83783783783784,False,False,45.45454545454546,False,10049151,10049151,10001041,10069339
arterial embolism / stenosis arteria fibular right,Arterial embolism limb,Embolism arterial (limb),Periphere Embolie,Periphere Embolie,False,True,False,56.52173913043479,False,True,100.0,True,10003159,10061340,10014514,10061340
arterial hypertension,Arterial hypertension,Arterial hypertension,Hypertonie,Hypertonie,True,True,True,100.0,True,True,100.0,True,10081425,10020772,10081425,10020772
aspergillosis,Aspergillosis,Aspergillosis,Aspergillusinfektion,Aspergillusinfektion,True,True,True,100.0,True,True,100.0,True,10003488,10074171,10003488,10074171
Aspirationpneumonia past BMP,Aspiration pneumonia,Aspiration pneumonia,Aspirationspneumonie,Aspirationspneumonie,True,True,True,100.0,True,True,100.0,True,10003525,10035669,10003525,10035669
atypical infiltrates lung,Atypical pneumonia,Atypical pneumonia,Atypische Pneumonie,Atypische Pneumonie,True,True,True,100.0,True,True,100.0,True,10003757,10003757,10003757,10003757
back pain,Back pain,Back pain,Rueckenschmerzen,Rueckenschmerzen,True,True,True,100.0,True,True,100.0,True,10003988,10003988,10003988,10003988
Bacteriemia staphylococcus epidermidis,Staphylococcal bacteremia,Staphylococcal bacteraemia,Staphylokokken-Bakteriaemie,Staphylokokken-Bakteriaemie,False,True,False,98.0392156862745,True,True,100.0,True,10054637,10051017,10051017,10051017
bakteraemia,Bacteremia,Bacteremia,,,True,True,True,100.0,True,False,0.0,False,10003999,10003997,10003999,10003997
Bakteriaemie,Bacteraemia,Bacteraemia,,,True,True,True,100.0,True,False,0.0,False,10003997,10003997,10003997,10003997
beginning sepsis of unknown origin,Sepsis,Sepsis NOS,,,False,True,False,75.0,False,False,0.0,False,10040047,10040047,10040050,10040047
bilirubin increase,Bilirubin value increased,Bilirubin increased,Bilirubin im Blut erhoeht,Bilirubin im Blut erhoeht,False,True,False,86.36363636363636,False,True,100.0,True,10004701,10005364,10004690,10005364
bilirubin increased,Bilirubin increased,Bilirubin increased,Bilirubin im Blut erhoeht,Bilirubin im Blut erhoeht,True,True,True,100.0,True,True,100.0,True,10004690,10005364,10004690,10005364
bipulmonal atypical pneumonia,Atypical pneumonia,Atypical pneumonia,Atypische Pneumonie,Atypische Pneumonie,True,True,True,100.0,True,True,100.0,True,10003757,10003757,10003757,10003757
bipulomale Pneumonia,Bilateral pneumonia,Bilateral pneumonia,Pneumonie,Pneumonie,True,True,True,100.0,True,True,100.0,True,10058686,10035664,10058686,10035664
Bleeding intracerebral,Hemorrhage intracerebral,Intracerebral hemorrhage,Hirnblutung,Hirnblutung,False,True,False,54.16666666666667,False,True,100.0,True,10019551,10008111,10022754,10008111
bleending,Hemorrhage,Hemorrhage,Blutung,Blutung,True,True,True,100.0,True,True,100.0,True,10019524,10055798,10019524,10055798
Blood Bilirubin increased,Blood bilirubin increased,Blood bilirubin increased,Bilirubin im Blut erhoeht,Bilirubin im Blut erhoeht,True,True,True,100.0,True,True,100.0,True,10005364,10005364,10005364,10005364
blood stream infection,Infection NOS,Bacteria blood identified,Infektion,Test auf Bakterien positiv,False,False,False,31.57894736842105,False,False,28.57142857142857,False,10021842,10021789,10061667,10059421
Candidiasis,Candidiasis,Candidiasis,Candida-Infektion,Candida-Infektion,True,True,True,100.0,True,True,100.0,True,10007152,10074170,10007152,10074170
cannula infection,Catheter site infection,Catheter site infection,Infektion an der Katheterstelle,Infektion an der Katheterstelle,True,True,True,100.0,True,True,100.0,True,10056520,10056520,10056520,10056520
Capillary Leak,Capillary leak syndrome,Capillary leak syndrome,Kapillarlecksyndrom,Kapillarlecksyndrom,True,True,True,100.0,True,True,100.0,True,10007196,10007196,10007196,10007196
catheterinfection (E coli and Staph. epidermis),Catheter infection,Catheter infection,Infektion im Zusammenhang mit einem Medizinprodukt,Infektion im Zusammenhang mit einem Medizinprodukt,True,True,True,100.0,True,True,100.0,True,10051387,10064687,10051387,10064687
Cholestasis,Cholestasis,Cholestasis,Cholestase,Cholestase,True,True,True,100.0,True,True,100.0,True,10008635,10008635,10008635,10008635
coagulopathy,Coagulopathy,Coagulopathy,Koagulopathie,Koagulopathie,True,True,True,100.0,True,True,100.0,True,10009802,10009802,10009802,10009802
Colitis,Colitis,Colitis NOS,Kolitis,Kolitis,False,True,False,77.77777777777779,False,True,100.0,True,10009887,10009887,10009898,10009887
cough,Cough,Cough,Husten,Husten,True,True,True,100.0,True,True,100.0,True,10011224,10011224,10011224,10011224
creatinine increased,Creatinine increased,Creatinine increased,Kreatinin im Blut erhoeht,Kreatinin im Blut erhoeht,True,True,True,100.0,True,True,100.0,True,10011368,10005483,10011368,10005483
CRP increase,CRP increased,CRP increased,C-reaktives Protein erhoeht,C-reaktives Protein erhoeht,True,True,True,100.0,True,True,100.0,True,10011418,10006825,10011418,10006825
CTNI increased,Cardiac troponin I increased,Cardiac troponin I increased,Troponin I erhoeht,Troponin I erhoeht,True,True,True,100.0,True,True,100.0,True,10007612,10058268,10007612,10058268
Darmperforation,Bowel perforation,Bowel perforation,Darmperforation,Darmperforation,True,True,True,100.0,True,True,100.0,True,10006056,10022694,10006056,10022694
Deep vein thrombosis,Deep vein thrombosis,Deep vein thrombosis,Tiefe Venenthrombose,Tiefe Venenthrombose,True,True,True,100.0,True,True,100.0,True,10051055,10051055,10051055,10051055
Delir,Delirium,Delirium,Delirium,Delirium,True,True,True,100.0,True,True,100.0,True,10012218,10012218,10012218,10012218
Detection of staphylococcus epidermis in blood,Staphylococcus epidermidis infection,Staphylococcus epidermidis septicaemia,Staphylokokkeninfektion,Sepsis durch Staphylokokken,False,False,False,81.08108108108108,False,False,56.00000000000001,False,10054154,10058080,10041949,10056430
Diarrhea,Diarrhea,Diarrhea,Diarrhoe,Diarrhoe,True,True,True,100.0,True,True,100.0,True,10012727,10012735,10012727,10012735
diffuse alveolar hemorrhage,Pulmonary alveolar haemorrhage,Pulmonary alveolar hemorrhage,Pulmonale alveolaere Blutung,Pulmonale alveolaere Blutung,False,True,False,98.30508474576271,True,True,100.0,True,10037313,10037313,10037314,10037313
Dizziness/Vertigo,Dizziness,Dizziness,Schwindelgefuehl,Schwindelgefuehl,True,True,True,100.0,True,True,100.0,True,10013573,10013573,10013573,10013573
Duodenitis,Duodenitis,Duodenitis,Duodenitis,Duodenitis,True,True,True,100.0,True,True,100.0,True,10013864,10013864,10013864,10013864
dysphagie,Dysphagia,Dysphagia,Dysphagie,Dysphagie,True,True,True,100.0,True,True,100.0,True,10013950,10013950,10013950,10013950
Dyspnea,Dyspnea,Dyspnea,Dyspnoe,Dyspnoe,True,True,True,100.0,True,True,100.0,True,10013963,10013968,10013963,10013968
dyspnea,Dyspnea,Dyspnea,Dyspnoe,Dyspnoe,True,True,True,100.0,True,True,100.0,True,10013963,10013968,10013963,10013968
Dyspnea,Dyspnea,Dyspnea,Dyspnoe,Dyspnoe,True,True,True,100.0,True,True,100.0,True,10013963,10013968,10013963,10013968
Electrocardiogram QT corrected interval prolonged,Electrocardiogram QT corrected interval prolonged,Electrocardiogram QTc interval prolonged,Elektrokardiogramm QT verlaengert,Elektrokardiogramm QT verlaengert,False,True,False,89.8876404494382,False,True,100.0,True,10014383,10014387,10053698,10014387
elevated cardiac enzymes,Heart enzymes elevated,Cardiac enzymes increased,Myokardnekrose-Marker erhoeht,Myokardnekrose-Marker erhoeht,False,True,False,63.829787234042556,False,True,100.0,True,10058166,10075211,10007548,10075211
elevated Troponin I,Troponin I increased,Troponin I increased,Troponin I erhoeht,Troponin I erhoeht,True,True,True,100.0,True,True,100.0,True,10058268,10058268,10058268,10058268
elevation of serum bilirubine,Serum bilirubin increased,Bilirubin elevated,Bilirubin im Blut erhoeht,Bilirubin im Blut erhoeht,False,True,False,65.11627906976744,False,True,100.0,True,10040159,10005364,10004688,10005364
Enterococcus faecium infection,Enterococcus faecium infection,Enterococcus faecium infection,Enterokokken-Infektion,Enterokokken-Infektion,True,True,True,100.0,True,True,100.0,True,10054241,10061124,10054241,10061124
Enterocolitis,Enterocolitis,Enterocolitis,Enterokolitis,Enterokolitis,True,True,True,100.0,True,True,100.0,True,10014893,10014893,10014893,10014893
epigastric pain,Epigastric pain,Epigastric pain,Schmerzen Oberbauch,Schmerzen Oberbauch,True,True,True,100.0,True,True,100.0,True,10015026,10000087,10015026,10000087
Epistaxis,Epistaxis,Epistaxis,Epistaxis,Epistaxis,True,True,True,100.0,True,True,100.0,True,10015090,10015090,10015090,10015090
Exanthema general,Exanthem,Exanthema generalised,,,False,True,False,55.172413793103445,False,False,0.0,False,10015585,10037844,10058693,10037844
extramedullary manifestation,Leukaemic infiltration extramedullary,Leukaemic infiltration extramedullary,Extramedullaere leukaemische Infiltration,Extramedullaere leukaemische Infiltration,True,True,True,100.0,True,True,100.0,True,10067117,10067117,10067117,10067117
Fatigue,Fatigue,Fatigue,Ermuedung,Ermuedung,True,True,True,100.0,True,True,100.0,True,10016256,10016256,10016256,10016256
fatigue,Fatigue,Fatigue,Ermuedung,Ermuedung,True,True,True,100.0,True,True,100.0,True,10016256,10016256,10016256,10016256
febbrille neutropenia,Febrile neutropenia,Febrile neutropenia,Febrile Neutropenie,Febrile Neutropenie,True,True,True,100.0,True,True,100.0,True,10016288,10016288,10016288,10016288
febril neutropenia,Febrile neutropenia,Febrile neutropenia,Febrile Neutropenie,Febrile Neutropenie,True,True,True,100.0,True,True,100.0,True,10016288,10016288,10016288,10016288
febrile neutropenia,Febrile neutropenia,Febrile neutropenia,Febrile Neutropenie,Febrile Neutropenie,True,True,True,100.0,True,True,100.0,True,10016288,10016288,10016288,10016288
Febrile Neutropenia,Febrile neutropenia,Febrile neutropenia,Febrile Neutropenie,Febrile Neutropenie,True,True,True,100.0,True,True,100.0,True,10016288,10016288,10016288,10016288
febrile neutropenia,Febrile neutropenia,Febrile neutropenia,Febrile Neutropenie,Febrile Neutropenie,True,True,True,100.0,True,True,100.0,True,10016288,10016288,10016288,10016288
febrile neutropenia (temp. max. 38.5 Â°C),Febrile neutropenia,Febrile neutropenia,Febrile Neutropenie,Febrile Neutropenie,True,True,True,100.0,True,True,100.0,True,10016288,10016288,10016288,10016288
febrille netropenia,Febrile neutropenia,Febrile neutropenia,Febrile Neutropenie,Febrile Neutropenie,True,True,True,100.0,True,True,100.0,True,10016288,10016288,10016288,10016288
Febrille neutropenia,Febrile neutropenia,Febrile neutropenia,Febrile Neutropenie,Febrile Neutropenie,True,True,True,100.0,True,True,100.0,True,10016288,10016288,10016288,10016288
febrille neutropenia,Febrile neutropenia,Febrile neutropenia,Febrile Neutropenie,Febrile Neutropenie,True,True,True,100.0,True,True,100.0,True,10016288,10016288,10016288,10016288
febriolle neutropnia,Febrile neutropenia,Febrile neutropenia,Febrile Neutropenie,Febrile Neutropenie,True,True,True,100.0,True,True,100.0,True,10016288,10016288,10016288,10016288
Fever,Fever,Fever,Fieber,Fieber,True,True,True,100.0,True,True,100.0,True,10016558,10037660,10016558,10037660
Fever,Fever,Fever,Fieber,Fieber,True,True,True,100.0,True,True,100.0,True,10016558,10037660,10016558,10037660
Fever,Fever,Fever,Fieber,Fieber,True,True,True,100.0,True,True,100.0,True,10016558,10037660,10016558,10037660
fever in neutropenia,Febrile neutropenia,Febrile neutropenia,Febrile Neutropenie,Febrile Neutropenie,True,True,True,100.0,True,True,100.0,True,10016288,10016288,10016288,10016288
Fever in neutropenia,Febrile neutropenia,Febrile neutropenia,Febrile Neutropenie,Febrile Neutropenie,True,True,True,100.0,True,True,100.0,True,10016288,10016288,10016288,10016288
fever unknown of origin,Fever of unknown origin,Fever of unknown origin,Fieber,Fieber,True,True,True,100.0,True,True,100.0,True,10016563,10037660,10016563,10037660
Fibula fracture right,Fibula fracture,Fibula fracture,Fibulafraktur,Fibulafraktur,True,True,True,100.0,True,True,100.0,True,10016667,10016667,10016667,10016667
Fissur Analbereich,Anal fissure,Anal fissure,Analfissur,Analfissur,True,True,True,100.0,True,True,100.0,True,10002153,10002153,10002153,10002153
Folliculitis axillary fold left,Folliculitis,Folliculitis,Follikulitis,Follikulitis,True,True,True,100.0,True,True,100.0,True,10016936,10016936,10016936,10016936
fungal infection lung,Lung infection fungal,Lung infection fungal,Pneumonie durch Pilze,Pneumonie durch Pilze,True,True,True,100.0,True,True,100.0,True,10085440,10061354,10085440,10061354
fungal infection of lung,Lung infection fungal,Lung infection fungal,Pneumonie durch Pilze,Pneumonie durch Pilze,True,True,True,100.0,True,True,100.0,True,10085440,10061354,10085440,10061354
Gamma-glutamyltransferase disorder,Gamma GT abnormal,Gamma-glutamyltransferase abnormal,Gamma-Glutamyltransferase anomal,Gamma-Glutamyltransferase anomal,False,True,False,62.745098039215684,False,True,100.0,True,10057757,10017688,10017688,10017688
Gamma-GT increased,Gamma-GT increased,Gamma-GT increased,Gamma-Glutamyltransferase erhoeht,Gamma-Glutamyltransferase erhoeht,True,True,True,100.0,True,True,100.0,True,10017696,10017693,10017696,10017693
Ganzkoerperexanthem,Exanthem,Exanthem,,,True,True,True,100.0,True,False,0.0,False,10015585,10037844,10015585,10037844
general worsening of condition,General physical health deterioration,General physical health deterioration,Generelle Verschlechterung des physischen Gesundheitszustandes,Generelle Verschlechterung des physischen Gesundheitszustandes,True,True,True,100.0,True,True,100.0,True,10049438,10049438,10049438,10049438
ges. Bili,Bilirubin increased,"The Adverse Event (AE) ""ges. Bili"" appears to be an abbreviated form, with ""ges"" likely standing for ""gestosis"" and ""Bili"" referring to bilirubin. Given this interpretation, the term seems to relate to a condition associated with pregnancy (gestosis) and possibly involving bilirubin levels. However, gestosis is more directly related to pregnancy-induced hypertension or preeclampsia, and the mention of ""Bili"" suggests a focus on bilirubin. Among the provided options, ""Gestosis"" directly matches the ""ges"" part of the AE, but considering the context of bilirubin, it seems there might be a bit of confusion in the abbreviation. Since ""Bilirubin increased"" directly relates to an issue that could be abbreviated as ""Bili"" and considering the potential for gestosis to be related to various complications in pregnancy, including those affecting liver function or bilirubin levels, the most relevant term that directly addresses a potential issue (increased bilirubin) is ""Bilirubin increased"". However, strictly based on the provided abbreviation, ""Gestosis"" is the only term that directly matches part of the AE (""ges""), but",Bilirubin im Blut erhoeht,,False,False,False,3.3187772925764247,False,False,0.0,False,10004690,10005364,,
GGT increased,GGT increased,GGT increased,Gamma-Glutamyltransferase erhoeht,Gamma-Glutamyltransferase erhoeht,True,True,True,100.0,True,True,100.0,True,10056910,10017693,10056910,10017693
HB decreased,Hb decreased,Hemoglobin decreased,Haemoglobin erniedrigt,Haemoglobin erniedrigt,False,True,False,75.0,False,True,100.0,True,10019171,10018884,10019483,10018884
Headache,Headache,Headache,Kopfschmerzen,Kopfschmerzen,True,True,True,100.0,True,True,100.0,True,10019211,10019211,10019211,10019211
Heart failure,Heart failure,Heart failure,Herzinsuffizienz,Herzinsuffizienz,True,True,True,100.0,True,True,100.0,True,10019279,10007554,10019279,10007554
Hematoma right thigh,Haematoma,Subcutaneous hematoma,Haematom,Subkutanes Haematom,False,False,False,53.333333333333336,False,False,59.25925925925925,False,10018852,10018852,10042346,10042345
hematothorax after pleural puncture,Hemopneumothorax,Hemorrhage pleural,Traumatischer Haemothorax,Haemothorax,False,False,False,52.94117647058824,False,False,61.111111111111114,False,10060632,10074487,10019578,10019027
Hemophagocytic lymphocytosis,Hemophagocytic lymphohistiocytosis,Haemophagocytic lymphohistiocytosis,Haemophagozytische Lymphohistiozytose,Haemophagozytische Lymphohistiozytose,False,True,False,98.55072463768117,True,True,100.0,True,10071580,10071583,10071583,10071583
Hemorrhage after teeth extraction,Post-operative haemorrhage,Tooth socket hemorrhage,Blutung nach einem Eingriff,Zahnhoehlenblutung,False,False,False,65.3061224489796,False,False,31.11111111111111,False,10036282,10051077,10064960,10064946
Hemorrhage cheek mucosa,Oral mucosa bleeding,Mucosal haemorrhage,Blutung Mund,Schleimhautblutung,False,False,False,46.15384615384615,False,False,46.666666666666664,False,10030985,10028024,10061298,10061298
Hemorrhage colitis acuta,Hemorrhagic colitis,Acute hemorrhagic ulcerative colitis,Haemorrhagische Enterokolitis,Akute haemorrhagische ulzerative Kolitis,False,False,False,69.0909090909091,False,False,75.36231884057972,False,10019597,10014896,10075635,10075634
Hemorrhage gum bleeding,Haemorrhage gum,Gum hemorrhage,Zahnfleischbluten,Zahnfleischbluten,False,True,False,68.96551724137932,False,True,100.0,True,10055811,10018276,10018779,10018276
Hemorrhage Head,Cerebral hemorrhage,Intracranial hemorrhage,Hirnblutung,Intrakranielle Blutung,False,False,False,71.42857142857143,False,False,60.60606060606061,False,10008114,10008111,10022763,10018985
Hemorrhage mucosa,Mucosa haemorrhage NOS,Mucosal hemorrhage,Schleimhautblutung,Schleimhautblutung,False,True,False,85.0,False,True,100.0,True,10028102,10061298,10059426,10061298
Hemorrhage nose,Epistaxis,Epistaxis,Epistaxis,Epistaxis,True,True,True,100.0,True,True,100.0,True,10015090,10015090,10015090,10015090
Hemorrhage Petechien,Petechiae,Petechiae,Petechien,Petechien,True,True,True,100.0,True,True,100.0,True,10034754,10034754,10034754,10034754
Hemorrhage subconjuctival,Subconjunctival haemorrhage,Subconjunctival hemorrhage,Bindehautblutung,Bindehautblutung,False,True,False,98.11320754716981,True,True,100.0,True,10042341,10010719,10055345,10010719
Hemorrhage Zoekalpol,Caecal haemorrhage,Hemorrhage,Dickdarmblutung,Blutung,False,False,False,71.42857142857143,False,False,63.63636363636363,False,10065758,10052534,10019524,10055798
Hemorrhoidal bleeding in thrombopenia,Hemorrhoidal bleeding,Hemorrhoidal bleeding,Haemorrhoidalblutung,Haemorrhoidalblutung,True,True,True,100.0,True,True,100.0,True,10019609,10054787,10019609,10054787
Herpes root of tongue,Herpetic stomatitis,Herpes lesion intra-oral,Oraler Herpes,Oraler Herpes,False,True,False,46.51162790697675,False,True,100.0,True,10020002,10067152,10019943,10067152
high NT-proBNP an Troponin T,NT-proBNP increased,NT-proBNP increased,,,True,True,True,100.0,True,False,0.0,False,10071712,10071662,10071712,10071662
HSV associate stomatitis,Viral stomatitis,Viral stomatitis,Virale Oralinfektion,Virale Oralinfektion,True,True,True,100.0,True,True,100.0,True,10077627,10065234,10077627,10065234
Hyperalbuminaemie,Hyperalbuminaemia,Hyperalbuminaemia,Hyperalbuminaemie,Hyperalbuminaemie,True,True,True,100.0,True,True,100.0,True,10058819,10058819,10058819,10058819
hyperkalemia,Hyperkalemia,Hyperkalemia,Hyperkaliaemie,Hyperkaliaemie,True,True,True,100.0,True,True,100.0,True,10020647,10020646,10020647,10020646
hypertenion,Hypertension,Hypertension,Hypertonie,Hypertonie,True,True,True,100.0,True,True,100.0,True,10020772,10020772,10020772,10020772
Hypertension,Hypertension,Hypertension,Hypertonie,Hypertonie,True,True,True,100.0,True,True,100.0,True,10020772,10020772,10020772,10020772
hypertension,Hypertension,Hypertension NOS,Hypertonie,Hypertonie,False,True,False,85.71428571428572,False,True,100.0,True,10020772,10020772,10020782,10020772
hyperviscosity syndrom,Hyperviscosity syndrome,Hyperviscosity syndrome,Hyperviskositaetssyndrom,Hyperviskositaetssyndrom,True,True,True,100.0,True,True,100.0,True,10051151,10051151,10051151,10051151
Hypocalcemia,Hypocalcemia,Hypocalcemia,,,True,True,True,100.0,True,False,0.0,False,10020949,10020947,10020949,10020947
hypocalemia,Hypocalcaemia,Hypocalcemia,,,False,True,False,96.0,True,False,0.0,False,10020947,10020947,10020949,10020947
Hypocalemia,Hypercalcaemia,Hypocalcemia,Hyperkalzaemie,,False,False,False,84.61538461538461,False,False,0.0,False,10020583,10020583,10020949,10020947
hypokalaemia,Hypokalaemia,Hypokalaemia,Hypokaliaemie,Hypokaliaemie,True,True,True,100.0,True,True,100.0,True,10021015,10021015,10021015,10021015
hypokalemia,Hypokalemia,Hypokalemia,Hypokaliaemie,Hypokaliaemie,True,True,True,100.0,True,True,100.0,True,10021018,10021015,10021018,10021015
Hypokalemia,Hypokalemia,Hypokalemia,Hypokaliaemie,Hypokaliaemie,True,True,True,100.0,True,True,100.0,True,10021018,10021015,10021018,10021015
hypokalemia intermittend,Hypokalemia,Hypokalemia,Hypokaliaemie,Hypokaliaemie,True,True,True,100.0,True,True,100.0,True,10021018,10021015,10021018,10021015
hypokaliemia,Hypokalemia,Hypokalaemia,Hypokaliaemie,Hypokaliaemie,False,True,False,95.65217391304348,True,True,100.0,True,10021018,10021015,10021015,10021015
hyponatremia,Hyponatremia,Hyponatremia,Hyponatriaemie,Hyponatriaemie,True,True,True,100.0,True,True,100.0,True,10021038,10021036,10021038,10021036
hypophophatemia,Hypophosphatemia,Hypophosphatemia,,,True,True,True,100.0,True,False,0.0,False,10021059,10021058,10021059,10021058
hypophosphatemia,Hypophosphatemia,Hypophosphatemia,,,True,True,True,100.0,True,False,0.0,False,10021059,10021058,10021059,10021058
hypopotassemia,Hypopotassemia,Hypopotassemia,Hypokaliaemie,Hypokaliaemie,True,True,True,100.0,True,True,100.0,True,10021081,10021015,10021081,10021015
hypotension,Hypotension,Hypotension,Hypotonie,Hypotonie,True,True,True,100.0,True,True,100.0,True,10021097,10021097,10021097,10021097
hypoxaemie,Hypoxaemia,Hypoxaemia,Hypoxie,Hypoxie,True,True,True,100.0,True,True,100.0,True,10021141,10021143,10021141,10021143
Hypoxia,Hypoxia,Hypoxia,Hypoxie,Hypoxie,True,True,True,100.0,True,True,100.0,True,10021143,10021143,10021143,10021143
Ileitis,Ileitis,Ileitis,Enteritis,Enteritis,True,True,True,100.0,True,True,100.0,True,10021312,10014866,10021312,10014866
Ileus,Ileus,Ileus,Ileus,Ileus,True,True,True,100.0,True,True,100.0,True,10021328,10021328,10021328,10021328
Ileus with attachment anus praeter,Ileus,Preternatural anus,Ileus,Anus praeter,False,False,False,26.086956521739136,False,False,23.529411764705888,False,10021328,10021328,10064917,10064917
incereased GGT,Gamma GT increased,GGT increased,Gamma-Glutamyltransferase erhoeht,Gamma-Glutamyltransferase erhoeht,False,True,False,83.87096774193549,False,True,100.0,True,10017670,10017693,10056910,10017693
Increase of CRP with fever,CRP increased,CRP increased,C-reaktives Protein erhoeht,C-reaktives Protein erhoeht,True,True,True,100.0,True,True,100.0,True,10011418,10006825,10011418,10006825
increase of transaminases,Transaminase NOS increased,Transaminases increased,Transaminasen erhoeht,Transaminasen erhoeht,False,True,False,93.87755102040816,True,True,100.0,True,10044346,10054889,10054889,10054889
increased ALT,Alanine aminotransferase increased,ALT increased,Alaninaminotransferase erhoeht,Alaninaminotransferase erhoeht,False,True,False,55.319148936170215,False,True,100.0,True,10001551,10001551,10001845,10001551
increased bilirubin,Bilirubin increased,Bilirubin increased,Bilirubin im Blut erhoeht,Bilirubin im Blut erhoeht,True,True,True,100.0,True,True,100.0,True,10004690,10005364,10004690,10005364
increased c reactive protein,C-reactive protein increased,C-reactive protein increased,C-reaktives Protein erhoeht,C-reaktives Protein erhoeht,True,True,True,100.0,True,True,100.0,True,10006825,10006825,10006825,10006825
increased c-reactive protein,CRP increased,C-reactive protein increased,C-reaktives Protein erhoeht,C-reaktives Protein erhoeht,False,True,False,63.41463414634146,False,True,100.0,True,10011418,10006825,10006825,10006825
increased GGT,Gamma glutamyl transpeptidase increased,GGT increased,Gamma-Glutamyltransferase erhoeht,Gamma-Glutamyltransferase erhoeht,False,True,False,50.0,False,True,100.0,True,10017668,10017693,10056910,10017693
Infection Abszess left Hand,Abscess hand,Abscess hand,Abszess an Gliedmassen,Abszess an Gliedmassen,True,True,True,100.0,True,True,100.0,True,10050481,10050473,10050481,10050473
Infection atypical pneumonia with dyspnea,Atypical pneumonia,Atypical pneumonia,Atypische Pneumonie,Atypische Pneumonie,True,True,True,100.0,True,True,100.0,True,10003757,10003757,10003757,10003757
Infection bacteremia,Bacteraemia,Bacteremia,,,False,True,False,95.23809523809523,True,False,0.0,False,10003997,10003997,10003999,10003997
Infection BK gram+ Kokken; gram- E-coli ZVK,Catheter bacteremia,Bacterial infection,Bakteriaemie im Zusammenhang mit einem Medizinprodukt,Bakterielle Infektion,False,False,False,42.10526315789473,False,False,40.54054054054054,False,10062979,10084453,10060945,10060945
Infection bladder catheter infection with fever,Infection and inflammatory reaction due to indwelling urinary catheter,Infection and inflammatory reaction due to indwelling urinary catheter,Infektion im Zusammenhang mit einem Medizinprodukt,Infektion im Zusammenhang mit einem Medizinprodukt,True,True,True,100.0,True,True,100.0,True,10021794,10064687,10021794,10064687
Infection blood,Infection NOS,Infection NOS,Infektion,Infektion,True,True,True,100.0,True,True,100.0,True,10021842,10021789,10021842,10021789
Infection blood,Infection NOS,Infection NOS,Infektion,Infektion,True,True,True,100.0,True,True,100.0,True,10021842,10021789,10021842,10021789
Infection blood,Infection NOS,Bacterial infection,Infektion,Bakterielle Infektion,False,False,False,56.25,False,False,60.0,False,10021842,10021789,10060945,10060945
Infection Blood,Infection NOS,Infection,Infektion,Infektion,False,True,False,81.81818181818181,False,True,100.0,True,10021842,10021789,10021789,10021789
Infection blood,Infection NOS,Bacterial infection,Infektion,Bakterielle Infektion,False,False,False,56.25,False,False,60.0,False,10021842,10021789,10060945,10060945
Infection blood,Infection NOS,Bacterial infection,Infektion,Bakterielle Infektion,False,False,False,56.25,False,False,60.0,False,10021842,10021789,10060945,10060945
Infection blood,Infection,Bacterial infection,Infektion,Bakterielle Infektion,False,False,False,64.28571428571428,False,False,60.0,False,10021789,10021789,10060945,10060945
Infection blood,Infection NOS,Infection bacterial,Infektion,Bakterielle Infektion,False,False,False,62.5,False,False,60.0,False,10021842,10021789,10021804,10060945
Infection blood (catheter related infection),Catheter related infection,Catheter related infection,Infektion im Zusammenhang mit einem Medizinprodukt,Infektion im Zusammenhang mit einem Medizinprodukt,True,True,True,100.0,True,True,100.0,True,10007810,10064687,10007810,10064687
Infection blood (staph. aureus),Staphylococcus aureus infection,Staphylococcus aureus bacteraemia,Staphylokokkeninfektion,Staphylokokken-Bakteriaemie,False,False,False,78.125,False,False,68.0,False,10075981,10058080,10058863,10051017
Infection bloodstream with MssE,Staphylococcus epidermidis infection,MSSA sepsis,Staphylokokkeninfektion,Sepsis durch Staphylokokken,False,False,False,29.78723404255319,False,False,56.00000000000001,False,10054154,10058080,10078706,10056430
Infection bronchia,Bronchial infection,Bronchial infection,Bronchitis,Bronchitis,True,True,True,100.0,True,True,100.0,True,10055078,10006451,10055078,10006451
Infection candida glabrata in blood,Candida infection,Systemic candidiasis,Candida-Infektion,Systemische Candidiasis,False,False,False,43.24324324324324,False,False,40.0,False,10074170,10074170,10042939,10042938
Infection Candidda in blood culture,Candida infection,Candida sepsis,Candida-Infektion,Candidasepsis,False,False,False,64.51612903225806,False,False,60.0,False,10074170,10074170,10053166,10053166
Infection Cateheter related infection,Catheter related infection,Catheter related infection,Infektion im Zusammenhang mit einem Medizinprodukt,Infektion im Zusammenhang mit einem Medizinprodukt,True,True,True,100.0,True,True,100.0,True,10007810,10064687,10007810,10064687
Infection catheter,Catheter infection,Catheter site infection,Infektion im Zusammenhang mit einem Medizinprodukt,Infektion an der Katheterstelle,False,False,False,87.8048780487805,False,False,44.44444444444444,False,10051387,10064687,10056520,10056520
Infection catheter related,Catheter infection,Catheter related infection,Infektion im Zusammenhang mit einem Medizinprodukt,Infektion im Zusammenhang mit einem Medizinprodukt,False,True,False,81.81818181818181,False,True,100.0,True,10051387,10064687,10007810,10064687
Infection central vene catherter,Catheter site infection,Central line infection,Infektion an der Katheterstelle,Infektion eines Gefaess-Medizinprodukts,False,False,False,75.55555555555556,False,False,51.42857142857142,False,10056520,10056520,10054192,10080714
Infection covid 2,COVID-19,SARS-CoV-2 infection,COVID-19,COVID-19,False,True,False,28.57142857142857,False,True,100.0,True,10084268,10084268,10084272,10084268
Infection CRP,Infection NOS,Infection NOS,Infektion,Infektion,True,True,True,100.0,True,True,100.0,True,10021842,10021789,10021842,10021789
Infection E.coli in blood,Escherichia coli infection,Escherichia coli bacteremia,Escherichia-Infektion,Bakteriaemie durch Escherichia,False,False,False,75.47169811320755,False,False,43.13725490196079,False,10054242,10061126,10054279,10054258
Infection entzuendliche Infiltrate der Lunge,Lung infection,Lung infection,Pneumonie,Pneumonie,True,True,True,100.0,True,True,100.0,True,10061229,10035664,10061229,10035664
Infection evidence of E. coli in blood,Escherichia coli infection,Escherichia coli bacteremia,Escherichia-Infektion,Bakteriaemie durch Escherichia,False,False,False,75.47169811320755,False,False,43.13725490196079,False,10054242,10061126,10054279,10054258
Infection Fungal Pneumonia,Pneumonia fungal,Pneumonia fungal NOS,Pneumonie durch Pilze,Pneumonie durch Pilze,False,True,False,88.88888888888889,False,True,100.0,True,10061354,10061354,10035700,10061354
Infection gallbladder,Gallbladder infection,Gallbladder infection,Infektioese Cholezystitis,Infektioese Cholezystitis,True,True,True,100.0,True,True,100.0,True,10062632,10062631,10062632,10062631
Infection gastrointestinal,Gastrointestinal infection,Gastrointestinal infection,,,True,True,True,100.0,True,False,0.0,False,10017964,10017964,10017964,10017964
Infection generalized Sepsis,Sepsis,Sepsis,,,True,True,True,100.0,True,False,0.0,False,10040047,10040047,10040047,10040047
Infection gerneral sepsis,Sepsis,Sepsis,,,True,True,True,100.0,True,False,0.0,False,10040047,10040047,10040047,10040047
Infection gram+ Kokken epidermidis in blood cultures,Gram-positive cocci infection,Staphylococcus epidermidis infection,Bakterielle Infektion,Staphylokokkeninfektion,False,False,False,55.38461538461539,False,False,54.54545454545454,False,10054276,10060945,10054154,10058080
Infection grampositive Kokken in blood,Gram-positive cocci infection,Gram-positive cocci infection,Bakterielle Infektion,Bakterielle Infektion,True,True,True,100.0,True,True,100.0,True,10054276,10060945,10054276,10060945
Infection Hand (ZVK),Catheter site infection,Hand infection,Infektion an der Katheterstelle,Infektion lokalisiert,False,False,False,59.45945945945945,False,False,57.692307692307686,False,10056520,10056520,10083753,10024774
Infection Herpes,Herpes viral infection NOS,Herpes infection,Herpesvirus-Infektion,Herpesvirus-Infektion,False,True,False,76.19047619047619,False,True,100.0,True,10019971,10019973,10019941,10019973
Infection Herpes labialis (mouth),Cold sore mouth,Herpes labialis,Oraler Herpes,Oraler Herpes,False,True,False,19.999999999999996,False,True,100.0,True,10049319,10067152,10019942,10067152
Infection Herpes simplex nasalis,Herpes simplex,Nasal herpes,Herpes simplex,Nasenherpes,False,False,False,46.15384615384615,False,False,48.0,False,10019948,10019948,10074936,10074936
Infection high c-reactive protein,Infection NOS,Infection NOS,Infektion,Infektion,True,True,True,100.0,True,True,100.0,True,10021842,10021789,10021842,10021789
Infection high CRP,Infection NOS,Infection NOS,Infektion,Infektion,True,True,True,100.0,True,True,100.0,True,10021842,10021789,10021842,10021789
Infection high CRP with no focal point,Infection NOS,Infection NOS,Infektion,Infektion,True,True,True,100.0,True,True,100.0,True,10021842,10021789,10021842,10021789
Infection Infected hematoma in the leg,Hematoma infection,Hematoma infection,Infiziertes Haematom,Infiziertes Haematom,True,True,True,100.0,True,True,100.0,True,10055368,10051564,10055368,10051564
Infection infection of unknown genesis,Infection NOS,Infection NOS,Infektion,Infektion,True,True,True,100.0,True,True,100.0,True,10021842,10021789,10021842,10021789
Infection infection of unknown origin,Infection NOS,Infection NOS,Infektion,Infektion,True,True,True,100.0,True,True,100.0,True,10021842,10021789,10021842,10021789
Infection Infection unknown focus,Infection NOS,Infection NOS,Infektion,Infektion,True,True,True,100.0,True,True,100.0,True,10021842,10021789,10021842,10021789
Infection influenza A pneumonia,Influenza with pneumonia,Pneumonia influenzal,Pneumonie grippal,Pneumonie grippal,False,True,False,45.45454545454546,False,True,100.0,True,10022008,10035714,10035714,10035714
Infection klebsiella infection,Klebsiella infection NOS,Klebsiella infection,Klebsielleninfektion,Klebsielleninfektion,False,True,False,90.9090909090909,True,True,100.0,True,10023454,10061259,10061259,10061259
Infection lung,Lung infection,Lung infection,Pneumonie,Pneumonie,True,True,True,100.0,True,True,100.0,True,10061229,10035664,10061229,10035664
Infection Lung,Lung infection,Lung infection,Pneumonie,Pneumonie,True,True,True,100.0,True,True,100.0,True,10061229,10035664,10061229,10035664
Infection lung and blood,Lung infection,Lung infection NOS,Pneumonie,Pneumonie,False,True,False,87.5,False,True,100.0,True,10061229,10035664,10048847,10035664
Infection Lungs,Lung infection,Lung infection NOS,Pneumonie,Pneumonie,False,True,False,87.5,False,True,100.0,True,10061229,10035664,10048847,10035664
Infection lungs,Lung infection,Lung infection,Pneumonie,Pneumonie,True,True,True,100.0,True,True,100.0,True,10061229,10035664,10061229,10035664
Infection Lungs (pneumonia),Pneumonia,Pneumonia,Pneumonie,Pneumonie,True,True,True,100.0,True,True,100.0,True,10035664,10035664,10035664,10035664
Infection lungs/ catheter associated,Pneumonia,Catheter related infection,Pneumonie,Infektion im Zusammenhang mit einem Medizinprodukt,False,False,False,22.857142857142854,False,False,23.728813559322038,False,10035664,10035664,10007810,10064687
Infection Lymphoid organs,Lymph gland infection,Lymphadenitis,,,False,False,False,58.82352941176471,False,False,0.0,False,10050823,10050823,10025188,10025188
Infection maxillary sinus,Sinus infection,Maxillary sinusitis,Sinusitis,Sinusitis,False,True,False,47.05882352941176,False,True,100.0,True,10040745,10040753,10056475,10040753
Infection Mukosa upper respiratory tract (DD: Pharyngitis) Staph. aureus,Staphylococcus aureus bacteraemia,Staphylococcal pharyngitis,Staphylokokken-Bakteriaemie,Staphylokokkenpharyngitis,False,False,False,57.6271186440678,False,False,69.23076923076923,False,10058863,10051017,10061554,10061554
Infection Nachweis von E. coli in Blutkultur,Escherichia coli infection,Escherichia coli bacteremia,Escherichia-Infektion,Bakteriaemie durch Escherichia,False,False,False,75.47169811320755,False,False,43.13725490196079,False,10054242,10061126,10054279,10054258
Infection Nachweis von E.coli in Blutkultur,Escherichia coli infection,Escherichia coli bacteremia,Escherichia-Infektion,Bakteriaemie durch Escherichia,False,False,False,75.47169811320755,False,False,43.13725490196079,False,10054242,10061126,10054279,10054258
Infection Neutropenic Colitis,Infectious colitis,Neutropenic colitis,Infektion des Dickdarms,Neutropene Kolitis,False,False,False,64.86486486486487,False,False,43.90243902439024,False,10021905,10081959,10062959,10062959
Infection Neutropenic Enterocolitis,Enterocolitis infectious,Neutropenic enterocolitis,Infektioese Enterokolitis,Neutropene Kolitis,False,False,False,53.06122448979591,False,False,65.11627906976744,False,10058838,10058838,10029359,10062959
Infection not specific,Infection NOS,Infection NOS,Infektion,Infektion,True,True,True,100.0,True,True,100.0,True,10021842,10021789,10021842,10021789
INFECTION OCCURING DURING NEURTOPENIA,Neutropenic infection,Neutropenic infection,Neutropenische Infektion,Neutropenische Infektion,True,True,True,100.0,True,True,100.0,True,10059482,10059482,10059482,10059482
Infection of unknown origin,Infection NOS,Infection NOS,Infektion,Infektion,True,True,True,100.0,True,True,100.0,True,10021842,10021789,10021842,10021789
Infection of unknown origin,Infection NOS,Infection NOS,Infektion,Infektion,True,True,True,100.0,True,True,100.0,True,10021842,10021789,10021842,10021789
Infection Otitis media left,Otitis media,Otitis media,Otitis media,Otitis media,True,True,True,100.0,True,True,100.0,True,10033078,10033078,10033078,10033078
Infection Pharynx,Pharyngitis,Pharyngitis,Pharyngitis,Pharyngitis,True,True,True,100.0,True,True,100.0,True,10034835,10034835,10034835,10034835
Infection Phlegmonia,Phlegmon,Phlegmon,Zellulitis,Zellulitis,True,True,True,100.0,True,True,100.0,True,10034907,10007882,10034907,10007882
Infection Pneumocystis carinii Pneumonia,Pneumocystis carinii pneumonia,Pneumocystis carinii pneumonia,Pneumocystis jirovecii-Pneumonie,Pneumocystis jirovecii-Pneumonie,True,True,True,100.0,True,True,100.0,True,10035659,10073755,10035659,10073755
Infection Pneumonia,Pneumonia,Pneumonia,Pneumonie,Pneumonie,True,True,True,100.0,True,True,100.0,True,10035664,10035664,10035664,10035664
Infection pneumonia,Pneumonia,Pneumonia,Pneumonie,Pneumonie,True,True,True,100.0,True,True,100.0,True,10035664,10035664,10035664,10035664
Infection Pneumonia (asperillus),Pneumonia aspergillus,Pneumonia aspergillus,Bronchopulmonale Aspergillose,Bronchopulmonale Aspergillose,True,True,True,100.0,True,True,100.0,True,10048385,10006473,10048385,10006473
Infection pneumonia (atypical),Atypical pneumonia,Atypical pneumonia,Atypische Pneumonie,Atypische Pneumonie,True,True,True,100.0,True,True,100.0,True,10003757,10003757,10003757,10003757
Infection pneumonia atypical,Atypical pneumonia,Atypical pneumonia,Atypische Pneumonie,Atypische Pneumonie,True,True,True,100.0,True,True,100.0,True,10003757,10003757,10003757,10003757
Infection Pneumonia fungal,Pneumonia fungal NOS,Pneumonia fungal,Pneumonie durch Pilze,Pneumonie durch Pilze,False,True,False,88.88888888888889,False,True,100.0,True,10035700,10061354,10061354,10061354
Infection pulmo,Lung infection,Lung infection,Pneumonie,Pneumonie,True,True,True,100.0,True,True,100.0,True,10061229,10035664,10061229,10035664
Infection pulmonal,Lung infection,Lung infection,Pneumonie,Pneumonie,True,True,True,100.0,True,True,100.0,True,10061229,10035664,10061229,10035664
Infection Rectal,Ano-rectal infection NOS,Ano-rectal infection NOS,,,True,True,True,100.0,True,False,0.0,False,10002579,10061640,10002579,10061640
Infection right forearm,Arm infection,Arm infection,Infektion lokalisiert,Infektion lokalisiert,True,True,True,100.0,True,True,100.0,True,10075044,10024774,10075044,10024774
Infection right forearm entry catheter,Catheter site infection,Catheter site infection,Infektion an der Katheterstelle,Infektion an der Katheterstelle,True,True,True,100.0,True,True,100.0,True,10056520,10056520,10056520,10056520
Infection sepsis,Sepsis,Sepsis,,,True,True,True,100.0,True,False,0.0,False,10040047,10040047,10040047,10040047
Infection Sepsis,Sepsis,Sepsis,,,True,True,True,100.0,True,False,0.0,False,10040047,10040047,10040047,10040047
Infection sepsis,Sepsis,Sepsis,,,True,True,True,100.0,True,False,0.0,False,10040047,10040047,10040047,10040047
Infection Sepsis,Sepsis,Sepsis,,,True,True,True,100.0,True,False,0.0,False,10040047,10040047,10040047,10040047
Infection Sepsis,Sepsis,Sepsis,,,True,True,True,100.0,True,False,0.0,False,10040047,10040047,10040047,10040047
Infection Sepsis,Sepsis,Sepsis,,,True,True,True,100.0,True,False,0.0,False,10040047,10040047,10040047,10040047
Infection sepsis (suspected),Sepsis,Sepsis,,,True,True,True,100.0,True,False,0.0,False,10040047,10040047,10040047,10040047
Infection sepsis general,Sepsis,Sepsis,,,True,True,True,100.0,True,False,0.0,False,10040047,10040047,10040047,10040047
Infection Sepsis in Neutropenia,Neutropenic sepsis,Neutropenic sepsis,Neutropenische Sepsis,Neutropenische Sepsis,True,True,True,100.0,True,True,100.0,True,10049151,10049151,10049151,10049151
Infection sepsis witrh shock and respiratory failure,Septic shock,Septic shock,,,True,True,True,100.0,True,False,0.0,False,10040070,10040070,10040070,10040070
Infection sept. Embolie,Septic emboli,Septic embolism,,,False,False,False,92.85714285714286,True,False,0.0,False,10040066,10040067,,
Infection spaphylococcus epidermis in blood,Staphylococcus epidermidis infection,Staphylococcus epidermidis septicemia,Staphylokokkeninfektion,Sepsis durch Staphylokokken,False,False,False,82.1917808219178,False,False,56.00000000000001,False,10054154,10058080,10054639,10056430
Infection staph. epidermis in blood,Staphylococcus epidermidis infection,Staphylococcus epidermidis septicaemia,Staphylokokkeninfektion,Sepsis durch Staphylokokken,False,False,False,81.08108108108108,False,False,56.00000000000001,False,10054154,10058080,10041949,10056430
Infection Staphylococcus epidermis in blood,Staphylococcus epidermidis infection,Staphylococcus epidermidis septicaemia,Staphylokokkeninfektion,Sepsis durch Staphylokokken,False,False,False,81.08108108108108,False,False,56.00000000000001,False,10054154,10058080,10041949,10056430
Infection Staphylococcus haemolyticus in blood,Staphylococcal infection,Coagulase negative staphylococcal infection,Staphylokokkeninfektion,Staphylokokkeninfektion,False,True,False,71.64179104477613,False,True,100.0,True,10058080,10058080,10054273,10058080
Infection staphylococcus haemolyticus in blood,Staphylococcal infection,Staphylococcal bacteremia,Staphylokokkeninfektion,Staphylokokken-Bakteriaemie,False,False,False,73.46938775510203,False,False,68.0,False,10058080,10058080,10054637,10051017
Infection Staphylococcus haemolyticus in blood,Staphylococcal infection,Staphylococcal bacteraemia,Staphylokokkeninfektion,Staphylokokken-Bakteriaemie,False,False,False,72.0,False,False,68.0,False,10058080,10058080,10051017,10051017
Infection Staphylococcus hominis in blood,Staphylococcal infection,Staphylococcal bacteraemia,Staphylokokkeninfektion,Staphylokokken-Bakteriaemie,False,False,False,72.0,False,False,68.0,False,10058080,10058080,10051017,10051017
Infection Streptococcus mitis/oralis in blood,Streptococcal infection,Streptococcal bacteremia,Streptokokken-Infektion,Streptokokken-Bakteriaemie,False,False,False,72.34042553191489,False,False,69.38775510204081,False,10061372,10061372,10054641,10051018
Infection throat,Throat infection,Throat infection,Pharyngitis,Pharyngitis,True,True,True,100.0,True,True,100.0,True,10043520,10034835,10043520,10034835
Infection Tonsillitis,Tonsillitis NOS,Tonsillitis,Tonsillitis,Tonsillitis,False,True,False,84.61538461538461,False,True,100.0,True,10044011,10044008,10044008,10044008
Infection tooth,Tooth infection,Tooth infection,Zahninfektion,Zahninfektion,True,True,True,100.0,True,True,100.0,True,10048762,10048762,10048762,10048762
Infection Tooth Abscess,Tooth abscess,Tooth abscess,Zahnabszess,Zahnabszess,True,True,True,100.0,True,True,100.0,True,10044016,10044016,10044016,10044016
Infection unknown,Infection NOS,Infection NOS,Infektion,Infektion,True,True,True,100.0,True,True,100.0,True,10021842,10021789,10021842,10021789
Infection unknown,Infection NOS,Infection NOS,Infektion,Infektion,True,True,True,100.0,True,True,100.0,True,10021842,10021789,10021842,10021789
Infection unknown focus,Infection NOS,Infection,Infektion,Infektion,False,True,False,81.81818181818181,False,True,100.0,True,10021842,10021789,10021789,10021789
infection unknown of origin,Infection NOS,Infection NOS,Infektion,Infektion,True,True,True,100.0,True,True,100.0,True,10021842,10021789,10021842,10021789
Infection unknown origin,Infection NOS,Infection NOS,Infektion,Infektion,True,True,True,100.0,True,True,100.0,True,10021842,10021789,10021842,10021789
Infection upper respiratory tract,Upper respiratory tract infection,Upper respiratory tract infection NOS,Infektion der oberen Atemwege,Infektion der oberen Atemwege,False,True,False,94.28571428571428,True,True,100.0,True,10046306,10046306,10046307,10046306
Infection urinary,Urinary infection,Urinary tract infection,Harnwegsinfektion,Harnwegsinfektion,False,True,False,85.0,False,True,100.0,True,10046544,10046571,10046571,10046571
Infection with cytomegaly virus,Cytomegalovirus infection,Cytomegalovirus infection,Zytomegalievirus-Infektion,Zytomegalievirus-Infektion,True,True,True,100.0,True,True,100.0,True,10011831,10011831,10011831,10011831
Infection with Staphylococcus epidermis in blood,Staphylococcus epidermidis infection,Staphylococcus epidermidis septicemia,Staphylokokkeninfektion,Sepsis durch Staphylokokken,False,False,False,82.1917808219178,False,False,56.00000000000001,False,10054154,10058080,10054639,10056430
Infection worsening of preexisting pneumonia,Bronchopulmonary infection,Pneumonia,Pneumonie,Pneumonie,False,True,False,34.285714285714285,False,True,100.0,True,10052110,10035664,10035664,10035664
Infection ZVK Infection,Catheter site infection,Zika virus infection,Infektion an der Katheterstelle,Zika-Virusinfektion,False,False,False,60.46511627906976,False,False,36.0,False,10056520,10056520,10078205,10078205
Infection ZVK with Staphylokokken,Catheter site infection,Staphylococcal infection,Infektion an der Katheterstelle,Staphylokokkeninfektion,False,False,False,51.06382978723405,False,False,33.333333333333336,False,10056520,10056520,10058080,10058080
Infection ZVK-Infektion,Catheter site infection,Infection viral,Infektion an der Katheterstelle,Virusinfektion,False,False,False,47.36842105263158,False,False,40.0,False,10056520,10056520,10021876,10047461
inflammation GI tract (Peritonitis),Peritonitis,Peritonitis,Peritonitis,Peritonitis,True,True,True,100.0,True,True,100.0,True,10034674,10034674,10034674,10034674
Inflammation of Colon descendens,Colon inflammation,Colon inflammation,Kolitis,Kolitis,True,True,True,100.0,True,True,100.0,True,10079511,10009887,10079511,10009887
Influenza A infection,Influenza A virus infection,Influenza A virus infection,Grippe,Grippe,True,True,True,100.0,True,True,100.0,True,10022002,10022000,10022002,10022000
Influenza A+B Pneumonie,Influenza with pneumonia,Influenza with pneumonia,Pneumonie grippal,Pneumonie grippal,True,True,True,100.0,True,True,100.0,True,10022008,10035714,10022008,10035714
Influenza B,Influenza B virus infection,Influenza B virus infection,Grippe,Grippe,True,True,True,100.0,True,True,100.0,True,10022003,10022000,10022003,10022000
Infusion Related Reaction Allergic Reaction,Allergic transfusion reaction,Infusion related hypersensitivity reaction,Allergische Transfusionsreaktion,Allergische Reaktion im Zusammenhang mit einer Infusion,False,False,False,47.887323943661976,False,False,55.172413793103445,False,10066173,10066173,10082742,10082742
INR increased,INR increased,INR increased,International normalised ratio erhoeht,International normalised ratio erhoeht,True,True,True,100.0,True,True,100.0,True,10022402,10022595,10022402,10022595
intermittend hypertension,Hypertension,Hypertension,Hypertonie,Hypertonie,True,True,True,100.0,True,True,100.0,True,10020772,10020772,10020772,10020772
intermittend worsening of hypertension,Hypertension worsened,Hypertension worsened,Hypertonie,Hypertonie,True,True,True,100.0,True,True,100.0,True,10020799,10020772,10020799,10020772
intermittent fever,Intermittent fever,Intermittent fever,Fieber,Fieber,True,True,True,100.0,True,True,100.0,True,10058698,10037660,10058698,10037660
intracerebral bleeding,Intra-cerebral haemorrhage,Intracerebral hemorrhage,Hirnblutung,Hirnblutung,False,True,False,96.0,True,True,100.0,True,10022737,10008111,10022754,10008111
Ischaemia with perforation colon right,Ischemic colitis,Ischemic colitis,Kolitis ischaemisch,Kolitis ischaemisch,True,True,True,100.0,True,True,100.0,True,10023037,10009895,10023037,10009895
katheterinfection Streptokokkus miles and oralis,Catheter infection,Catheter infection,Infektion im Zusammenhang mit einem Medizinprodukt,Infektion im Zusammenhang mit einem Medizinprodukt,True,True,True,100.0,True,True,100.0,True,10051387,10064687,10051387,10064687
left ventricular systolic dysfunction,Left ventricular systolic dysfunction,Left ventricular systolic dysfunction,Funktionsstoerung des linken Ventrikels,Funktionsstoerung des linken Ventrikels,True,True,True,100.0,True,True,100.0,True,10069501,10049694,10069501,10049694
Leukopaenia,Leucopenia,Leukopenia,Leukopenie,Leukopenie,False,True,False,90.0,True,True,100.0,True,10024283,10024384,10024384,10024384
low grade papillary urothelial carcinoma,Bladder transitional cell carcinoma,Non-invasive papillary urothelial carcinoma of bladder,Blasenuebergangszellkarzinom,Blasenuebergangszellkarzinom,False,True,False,44.9438202247191,False,True,100.0,True,10005084,10005084,10083552,10005084
lung infection,Lung infection,Lung infection NOS,Pneumonie,Pneumonie,False,True,False,87.5,False,True,100.0,True,10061229,10035664,10048847,10035664
lung infection/pneumonia,Pneumonia,Lung infection,Pneumonie,Pneumonie,False,True,False,34.78260869565217,False,True,100.0,True,10035664,10035664,10061229,10035664
LVEF function decrease,Left ventricular ejection fraction decreased,Left ventricular ejection fraction decreased,Auswurffraktion verkleinert,Auswurffraktion verkleinert,True,True,True,100.0,True,True,100.0,True,10053222,10050528,10053222,10050528
Medication induced hepatic toxity related to GO administration,Drug-induced hepatotoxicity,Drug-induced hepatotoxicity,Arzneimittelbedingter Leberschaden,Arzneimittelbedingter Leberschaden,True,True,True,100.0,True,True,100.0,True,10072937,10072268,10072937,10072268
menorhea,Hypermenorrhea,Menorrhagia,Starke Menstruationsblutung,Starke Menstruationsblutung,False,True,False,64.0,False,True,100.0,True,10020672,10085423,10027313,10085423
menorrhagia,Menorrhagia,Menorrhagia,Starke Menstruationsblutung,Starke Menstruationsblutung,True,True,True,100.0,True,True,100.0,True,10027313,10085423,10027313,10085423
Mucormycosis,Mucormycosis,Mucormycosis,Mukormykose,Mukormykose,True,True,True,100.0,True,True,100.0,True,10028098,10028098,10028098,10028098
Mucositis,Mucositis,Mucositis NOS,Schleimhautentzuendung,Schleimhautentzuendung,False,True,False,81.81818181818181,False,True,100.0,True,10028127,10028116,10028129,10028116
Mucositis bowel,Gastrointestinal mucositis,Intestinal mucositis,Gastrointestinale Entzuendung,Gastrointestinale Entzuendung,False,True,False,86.95652173913044,False,True,100.0,True,10017981,10064147,10082136,10064147
Mucositis enoral,Mucositis oral,Mucositis oral,Stomatitis,Stomatitis,True,True,True,100.0,True,True,100.0,True,10028130,10042128,10028130,10042128
Mucositis gastrointestinal,Gastrointestinal mucositis,Gastrointestinal mucositis,Gastrointestinale Entzuendung,Gastrointestinale Entzuendung,True,True,True,100.0,True,True,100.0,True,10017981,10064147,10017981,10064147
Mucositis GIT,Gastrointestinal mucositis,Gastrointestinal mucositis,Gastrointestinale Entzuendung,Gastrointestinale Entzuendung,True,True,True,100.0,True,True,100.0,True,10017981,10064147,10017981,10064147
Mucositis intestine,Gastrointestinal mucositis,Intestinal mucositis,Gastrointestinale Entzuendung,Gastrointestinale Entzuendung,False,True,False,86.95652173913044,False,True,100.0,True,10017981,10064147,10082136,10064147
Mucositis Mouth,Mucositis oral,Mucositis oral,Stomatitis,Stomatitis,True,True,True,100.0,True,True,100.0,True,10028130,10042128,10028130,10042128
Mucositis mouth,Mucositis oral,Mucositis oral,Stomatitis,Stomatitis,True,True,True,100.0,True,True,100.0,True,10028130,10042128,10028130,10042128
Mucositis oral,Mucositis oral,Mucositis oral,Stomatitis,Stomatitis,True,True,True,100.0,True,True,100.0,True,10028130,10042128,10028130,10042128
Mucositis Oral,Mucositis oral,Mucositis oral,Stomatitis,Stomatitis,True,True,True,100.0,True,True,100.0,True,10028130,10042128,10028130,10042128
Mucositis oral mucosa,Mucositis oral,Mucositis,Stomatitis,Schleimhautentzuendung,False,False,False,78.26086956521739,False,False,31.25,False,10028130,10042128,10028127,10028116
multi organ failure,Multi organ failure,Multi-organ failure,Multiorgandysfunktionssyndrom,Multiorgandysfunktionssyndrom,False,True,False,94.73684210526316,True,True,100.0,True,10028151,10077361,10028154,10077361
Multi organ failure,Multi organ failure,Multi-organ failure,Multiorgandysfunktionssyndrom,Multiorgandysfunktionssyndrom,False,True,False,94.73684210526316,True,True,100.0,True,10028151,10077361,10028154,10077361
Multiorgan failure,Multiorgan failure,Multiorgan failure,Multiorgandysfunktionssyndrom,Multiorgandysfunktionssyndrom,True,True,True,100.0,True,True,100.0,True,10028162,10077361,10028162,10077361
multiresistence gramgegative bacteraemia,Multidrug resistant bacterial infection,Gram-negative bacteraemia,Bakterielle Infektion,,False,False,False,46.875,False,False,0.0,False,10084206,10060945,10054227,10003997
Muscle weakness (right leg),Muscle weakness,Muscle weakness right-sided,Muskulaere Schwaeche,Hemiparese,False,False,False,71.42857142857143,False,False,40.0,False,10028350,10028372,10065794,10019465
Nausea,Nausea,Nausea,Uebelkeit,Uebelkeit,True,True,True,100.0,True,True,100.0,True,10028813,10028813,10028813,10028813
Neutropaenia,Neutropenia,Neutropenia,Neutropenie,Neutropenie,True,True,True,100.0,True,True,100.0,True,10029354,10029354,10029354,10029354
neutropene Colitis with Diarrhea,Neutropenic colitis,Neutropenic colitis,Neutropene Kolitis,Neutropene Kolitis,True,True,True,100.0,True,True,100.0,True,10062959,10062959,10062959,10062959
Neutropene colitis with paralytic ileus,Neutropenic colitis,Neutropenic colitis,Neutropene Kolitis,Neutropene Kolitis,True,True,True,100.0,True,True,100.0,True,10062959,10062959,10062959,10062959
neutropenes Fieber,Febrile neutropenia,Febrile neutropenia,Febrile Neutropenie,Febrile Neutropenie,True,True,True,100.0,True,True,100.0,True,10016288,10016288,10016288,10016288
neutropenia,Neutropenia,Neutropenia,Neutropenie,Neutropenie,True,True,True,100.0,True,True,100.0,True,10029354,10029354,10029354,10029354
Neutropenia,Neutropenia,Neutropenia,Neutropenie,Neutropenie,True,True,True,100.0,True,True,100.0,True,10029354,10029354,10029354,10029354
neutropenia and sepsis,Neutropenic sepsis,Neutropenic sepsis,Neutropenische Sepsis,Neutropenische Sepsis,True,True,True,100.0,True,True,100.0,True,10049151,10049151,10049151,10049151
neutropenic colitis with appendicitis,Neutropenic colitis,Neutropenic colitis,Neutropene Kolitis,Neutropene Kolitis,True,True,True,100.0,True,True,100.0,True,10062959,10062959,10062959,10062959
neutropenic fever,Neutropenic fever,Neutropenic fever,Febrile Neutropenie,Febrile Neutropenie,True,True,True,100.0,True,True,100.0,True,10051312,10016288,10051312,10016288
Neutropenic fever,Neutropenic fever,Neutropenic fever,Febrile Neutropenie,Febrile Neutropenie,True,True,True,100.0,True,True,100.0,True,10051312,10016288,10051312,10016288
Neutropenic Fever,Neutropenic fever,Neutropenic fever,Febrile Neutropenie,Febrile Neutropenie,True,True,True,100.0,True,True,100.0,True,10051312,10016288,10051312,10016288
neutropenic sepsis with respiratory insufficiency,Neutropenic sepsis,Neutropenic sepsis,Neutropenische Sepsis,Neutropenische Sepsis,True,True,True,100.0,True,True,100.0,True,10049151,10049151,10049151,10049151
Neutropenie,Neutropenia,Neutropenia,Neutropenie,Neutropenie,True,True,True,100.0,True,True,100.0,True,10029354,10029354,10029354,10029354
NSTEMI myocardial infarction,Non ST segment elevation myocardial infarction,Non ST segment elevation myocardial infarction,Akuter Myokardinfarkt,Akuter Myokardinfarkt,True,True,True,100.0,True,True,100.0,True,10064347,10000891,10064347,10000891
obstipation,Constipation,Obstipation,Obstipation,Obstipation,False,True,False,86.95652173913044,False,True,100.0,True,10010774,10010774,10029932,10010774
occipital exostosis with cerebraler Toxoplasmose,Cerebral toxoplasmosis,Cerebral toxoplasmosis,Zerebrale Toxoplasmose,Zerebrale Toxoplasmose,True,True,True,100.0,True,True,100.0,True,10057854,10057854,10057854,10057854
orthostatic vertigo,Orthostatic dizziness,Vertigo positional,Schwindel orthostatisch,Lagerungsvertigo,False,False,False,35.89743589743589,False,False,25.64102564102564,False,10031125,10013578,10047348,10047348
Pain 30122018,Ache NOS,Pain,Schmerz,Schmerz,False,True,False,33.333333333333336,False,True,100.0,True,10000428,10033371,10033371,10033371
Pain Abdominal,Pain abdominal,Abdominal pain,Abdominalschmerz,Abdominalschmerz,False,True,False,64.28571428571428,False,True,100.0,True,10033374,10000081,10000081,10000081
Pain abdominal,Pain abdominal,Abdominal pain,Abdominalschmerz,Abdominalschmerz,False,True,False,64.28571428571428,False,True,100.0,True,10033374,10000081,10000081,10000081
Pain abdominal cramps,Abdominal crampy pains,Abdominal cramps,Abdominalschmerz,Abdominalschmerz,False,True,False,84.21052631578947,False,True,100.0,True,10000058,10000081,10000057,10000081
Pain Abdominal with diarrhea,Abdominal pain,Abdominal pain,Abdominalschmerz,Abdominalschmerz,True,True,True,100.0,True,True,100.0,True,10000081,10000081,10000081,10000081
Pain anal fissure,Anal fissure,Anal fissure,Analfissur,Analfissur,True,True,True,100.0,True,True,100.0,True,10002153,10002153,10002153,10002153
Pain both legs,Pain legs,Leg pain,Schmerz in einer Extremitaet,Schmerz in einer Extremitaet,False,True,False,47.05882352941176,False,True,100.0,True,10033459,10033425,10024130,10033425
Pain epigastrium,Epigastric pain,Epigastric pain,Schmerzen Oberbauch,Schmerzen Oberbauch,True,True,True,100.0,True,True,100.0,True,10015026,10000087,10015026,10000087
Pain general,Ache NOS,General body pain,Schmerz,Schmerz,False,True,False,24.0,False,True,100.0,True,10000428,10033371,10048971,10033371
Pain head,Pain head,Head pain,Kopfschmerzen,Kopfschmerzen,False,True,False,44.44444444444444,False,True,100.0,True,10033405,10019211,10019198,10019211
Pain right foot,Pain in extremity,Pain in (r) foot,Schmerz in einer Extremitaet,Schmerz in einer Extremitaet,False,True,False,60.60606060606061,False,True,100.0,True,10033425,10033425,10033416,10033425
Pain spine,Pain in spine,Spinal pain,Wirbelsaeulenschmerz,Wirbelsaeulenschmerz,False,True,False,58.33333333333333,False,True,100.0,True,10052060,10072005,10072005,10072005
Pain thoracal,Thoracic pain,Thoracic pain,Brustkorbschmerz,Brustkorbschmerz,True,True,True,100.0,True,True,100.0,True,10043471,10008479,10043471,10008479
Pain throat/oral,Oropharyngeal pain,Oropharyngeal pain,Schmerzen im Oropharynx,Schmerzen im Oropharynx,True,True,True,100.0,True,True,100.0,True,10068319,10068319,10068319,10068319
Pain Whole Body,General body pain,General body pain,Schmerz,Schmerz,True,True,True,100.0,True,True,100.0,True,10048971,10033371,10048971,10033371
Pain whole body,General body pain,General body pain,Schmerz,Schmerz,True,True,True,100.0,True,True,100.0,True,10048971,10033371,10048971,10033371
Palmar-plantar erythrodysesthesia syndrome (Hand-foot-syndrome),Palmar-plantar erythrodysaesth.,Palmar-plantar erythrodysesthesia syndrome,Palmar-plantares Erythrodysaesthesiesyndrom,Palmar-plantares Erythrodysaesthesiesyndrom,False,True,False,79.45205479452055,False,True,100.0,True,10033552,10033553,10054524,10033553
pancolitis,Pancolitis,Pancolitis,Kolitis,Kolitis,True,True,True,100.0,True,True,100.0,True,10033573,10009887,10033573,10009887
Paralytischer Ileus,Paralytic ileus,Paralytic ileus,Ileus paralytisch,Ileus paralytisch,True,True,True,100.0,True,True,100.0,True,10033841,10021333,10033841,10021333
periapical ostitis,Osteitis,Osteitis,Osteitis,Osteitis,True,True,True,100.0,True,True,100.0,True,10031149,10031149,10031149,10031149
petechiae,Petechiae,Petechiae,Petechien,Petechien,True,True,True,100.0,True,True,100.0,True,10034754,10034754,10034754,10034754
Petechiae Both Legs,Petechiae,Petechiae,Petechien,Petechien,True,True,True,100.0,True,True,100.0,True,10034754,10034754,10034754,10034754
petechiae feet,Petechiae,Petechiae,Petechien,Petechien,True,True,True,100.0,True,True,100.0,True,10034754,10034754,10034754,10034754
petechiae oral,Oral mucosal petechiae,Petechiae oral mucosa,Blutung Mund,Blutung Mund,False,True,False,51.162790697674424,False,True,100.0,True,10030998,10028024,10034755,10028024
petechiae whole-body,Petechiae,Petechiae,Petechien,Petechien,True,True,True,100.0,True,True,100.0,True,10034754,10034754,10034754,10034754
pleural efffusion,Pleural effusion,Pleural effusion,Pleuraerguss,Pleuraerguss,True,True,True,100.0,True,True,100.0,True,10035598,10035598,10035598,10035598
pleural effusion,Pleural effusion,Pleural effusion,Pleuraerguss,Pleuraerguss,True,True,True,100.0,True,True,100.0,True,10035598,10035598,10035598,10035598
pleuritis,Pleurisy,Pleuritis,Pleuritis,Pleuritis,False,True,False,82.35294117647058,False,True,100.0,True,10035618,10035618,10035624,10035618
pneumonia,Pneumonia,Pneumonia NOS,Pneumonie,Pneumonie,False,True,False,81.81818181818181,False,True,100.0,True,10035664,10035664,10035725,10035664
Pneumonia,Pneumonia,Pneumonia,Pneumonie,Pneumonie,True,True,True,100.0,True,True,100.0,True,10035664,10035664,10035664,10035664
pneumonia (Aspergillus pneumonia),Pneumonia aspergillus,Pneumonia aspergillus,Bronchopulmonale Aspergillose,Bronchopulmonale Aspergillose,True,True,True,100.0,True,True,100.0,True,10048385,10006473,10048385,10006473
Pneumonia (Sepsis),Pulmonary sepsis,Pneumonia,,Pneumonie,False,False,False,48.0,False,False,0.0,False,10051739,10051739,10035664,10035664
Pneumonia with dyspnea,Pneumonia,Pneumonia,Pneumonie,Pneumonie,True,True,True,100.0,True,True,100.0,True,10035664,10035664,10035664,10035664
Pneumonie,Pneumonia,Pneumonia,Pneumonie,Pneumonie,True,True,True,100.0,True,True,100.0,True,10035664,10035664,10035664,10035664
Pneumothorax after CVC implantation,Pneumothorax,Traumatic pneumothorax without mention of open wound into thorax,Pneumothorax,Pneumothorax traumatisch,False,False,False,31.57894736842105,False,False,66.66666666666667,False,10035759,10035759,10044540,10035765
positive hecilture - klebsiella pneumonia,Klebsiella pneumonia,Klebsiella pneumoniae test positive,Pneumonie durch Klebsiella,Klebsiellen-Test positiv,False,False,False,72.72727272727273,False,False,36.0,False,10023456,10035717,10070108,10070091
possible mycosis,Mycosis,Mycosis,Pilzinfektion,Pilzinfektion,True,True,True,100.0,True,True,100.0,True,10067330,10017533,10067330,10017533
potassium low,Potassium low,Potassium decreased,,,False,True,False,62.5,False,False,0.0,False,10036452,10005724,10036443,10005724
pulmogene sepsis with multiorgan failure,Pulmonary sepsis,Pulmonary sepsis,,,True,True,True,100.0,True,False,0.0,False,10051739,10051739,10051739,10051739
pulmonary hyperhydration with pleural effusion on both sides,Bilateral pleural effusion,Bilateral pleural effusion,Pleuraerguss,Pleuraerguss,True,True,True,100.0,True,True,100.0,True,10078037,10035598,10078037,10035598
pulmonary insufficiency because cardiac pulmonary edema,Cardiogenic pulmonary edema,Cardiogenic pulmonary edema,Lungenoedem,Lungenoedem,True,True,True,100.0,True,True,100.0,True,10075448,10037423,10075448,10037423
qtc extension,Electrocardiogram QTc interval prolonged,Electrocardiogram QTc interval prolonged,Elektrokardiogramm QT verlaengert,Elektrokardiogramm QT verlaengert,True,True,True,100.0,True,True,100.0,True,10053698,10014387,10053698,10014387
Rash,Rash,Rash,,,True,True,True,100.0,True,False,0.0,False,10037844,10037844,10037844,10037844
Rektaler Abszess,Rectal abscess,Rectal abscess,,,True,True,True,100.0,True,False,0.0,False,10048947,10048947,10048947,10048947
respiratoric worsening,Respiratory failure aggravated,Respiratory failure aggravated,Respiratorische Insuffizienz,Respiratorische Insuffizienz,True,True,True,100.0,True,True,100.0,True,10068615,10038695,10068615,10038695
rheumatic thrust,Acute rheumatism,Rheumatic disorder,Rheumatisches Fieber,Rheumatische Erkrankung,False,False,False,52.94117647058824,False,False,69.76744186046511,False,10001060,10039054,10072736,10072736
seizures,Seizures,Seizures,Krampfanfall,Krampfanfall,True,True,True,100.0,True,True,100.0,True,10039910,10039906,10039910,10039906
Sepsis,Sepsis,Sepsis NOS,,,False,True,False,75.0,False,False,0.0,False,10040047,10040047,10040050,10040047
sepsis,Sepsis,Sepsis,,,True,True,True,100.0,True,False,0.0,False,10040047,10040047,10040047,10040047
Sepsis,Sepsis,Sepsis,,,True,True,True,100.0,True,False,0.0,False,10040047,10040047,10040047,10040047
Sepsis due to Klebsiella pneumoniae infection,Klebsiella sepsis,Klebsiella sepsis,Klebsiella-Sepsis,Klebsiella-Sepsis,True,True,True,100.0,True,True,100.0,True,10054160,10054160,10054160,10054160
Sepsis in neutropenia,Neutropenic sepsis,Neutropenic sepsis,Neutropenische Sepsis,Neutropenische Sepsis,True,True,True,100.0,True,True,100.0,True,10049151,10049151,10049151,10049151
sepsis in neutropenia,Neutropenic sepsis,Neutropenic sepsis,Neutropenische Sepsis,Neutropenische Sepsis,True,True,True,100.0,True,True,100.0,True,10049151,10049151,10049151,10049151
Sepsis in Neutropenie mit MRSA,Sepsis MRSA,Sepsis MRSA,Sepsis durch Staphylokokken,Sepsis durch Staphylokokken,True,True,True,100.0,True,True,100.0,True,10049253,10056430,10049253,10056430
septic colitis,Infectious colitis,Infectious colitis,Infektion des Dickdarms,Infektion des Dickdarms,True,True,True,100.0,True,True,100.0,True,10021905,10081959,10021905,10081959
Septische Pneumonie,Pulmonary sepsis,Pulmonary sepsis,,,True,True,True,100.0,True,False,0.0,False,10051739,10051739,10051739,10051739
Sigmadiverticulitis,Sigmoid diverticulitis,Sigmoid diverticulitis,Divertikulitis,Divertikulitis,True,True,True,100.0,True,True,100.0,True,10072616,10013538,10072616,10013538
soor oesophagitis,Oesophageal thrush,Oesophagitis,Candidose des Oesophagus,Oesophagitis,False,False,False,66.66666666666667,False,False,50.0,False,10065056,10030154,10030216,10030216
sooroesophagitis,Oesophageal thrush,Oesophagitis,Candidose des Oesophagus,Oesophagitis,False,False,False,66.66666666666667,False,False,50.0,False,10065056,10030154,10030216,10030216
sPO2 decrease - atypical infiltrates,Lung infiltration,PO2 decreased,Lungeninfiltration,,False,False,False,19.999999999999996,False,False,0.0,False,10025102,10025102,10035768,10035768
sputum with blood,Sputum bloody,Sputum bloody,Haemoptoe,Haemoptoe,True,True,True,100.0,True,True,100.0,True,10041804,10018964,10041804,10018964
stomache pain,Abdominal pain NOS,Stomach pain,Abdominalschmerz,Schmerzen Oberbauch,False,False,False,53.333333333333336,False,False,40.0,False,10000085,10000081,10042112,10000087
Supraventricular tachycardia,Supraventricular tachycardia,Supraventricular tachycardia,Tachykardie supraventrikulaer,Tachykardie supraventrikulaer,True,True,True,100.0,True,True,100.0,True,10042604,10042604,10042604,10042604
surgery of acute arterial occlusion left lower leg,Arterial occlusion,Peripheral artery occlusion,,,False,False,False,66.66666666666667,False,False,0.0,False,10058475,10062599,10057525,10057525
suspected Pneumonitis,Pneumonitis,Pneumonitis NOS,Pneumonitis,Pneumonitis,False,True,False,84.61538461538461,False,True,100.0,True,10035742,10035742,10035755,10035742
Suspected upper GI bleeding,Upper gastrointestinal haemorrhage,Upper gastrointestinal bleeding,Blutung im oberen gastrointestinalen Bereich,Blutung im oberen gastrointestinalen Bereich,False,True,False,76.92307692307692,False,True,100.0,True,10046274,10046274,10071910,10046274
symptomatic leukocytosis,Leukocytosis,Leukocytosis,Leukozytose,Leukozytose,True,True,True,100.0,True,True,100.0,True,10024378,10024378,10024378,10024378
Tachykardie,Tachycardia,Tachycardia,Tachykardie,Tachykardie,True,True,True,100.0,True,True,100.0,True,10043071,10043071,10043071,10043071
therapy-resistant thrombocytopenia,Thrombocytopaenia,Thrombocytopenia,Thrombozytopenie,Thrombozytopenie,False,True,False,96.96969696969697,True,True,100.0,True,10043551,10043554,10043554,10043554
Thrombocytopenia,Thrombocytopenia,Thrombocytopenia,Thrombozytopenie,Thrombozytopenie,True,True,True,100.0,True,True,100.0,True,10043554,10043554,10043554,10043554
Thrombopenia,Thrombopenia,Thrombopenia,Thrombozytopenie,Thrombozytopenie,True,True,True,100.0,True,True,100.0,True,10043569,10043554,10043569,10043554
Thrombophlebitis cubital,Thrombophlebitis,Thrombophlebitis NOS,Thrombophlebitis,Thrombophlebitis,False,True,False,88.88888888888889,False,True,100.0,True,10043570,10043570,10043587,10043570
Thrombophlebitis rechter Unterarm volarseitig,Thrombophlebitis arm,Thrombophlebitis arm,Thrombophlebitis,Thrombophlebitis,True,True,True,100.0,True,True,100.0,True,10043571,10043570,10043571,10043570
thrombosis vena jugularis right,Jugular vein thrombosis,Jugular vein thrombosis,Jugularvenenthrombose,Jugularvenenthrombose,True,True,True,100.0,True,True,100.0,True,10023237,10023237,10023237,10023237
thrombozytopenia,Thrombocytopaenia,Thrombocytopenia,Thrombozytopenie,Thrombozytopenie,False,True,False,96.96969696969697,True,True,100.0,True,10043551,10043554,10043554,10043554
TLS with MOF,Tumour lysis syndrome,Tumour lysis syndrome,Tumorlysesyndrom,Tumorlysesyndrom,True,True,True,100.0,True,True,100.0,True,10045170,10045170,10045170,10045170
Tonsilitis,Tonsillitis,Tonsillitis NOS,Tonsillitis,Tonsillitis,False,True,False,84.61538461538461,False,True,100.0,True,10044008,10044008,10044011,10044008
toxic skin reaction on both hands,Toxic skin eruption,Toxic skin eruption,,,True,True,True,100.0,True,False,0.0,False,10057970,10057970,10057970,10057970
toxische Enterocolitis mit Ileus,Toxic gastroenteritis and colitis,Toxic gastroenteritis and colitis,Gastrointestinale Toxizitaet,Gastrointestinale Toxizitaet,True,True,True,100.0,True,True,100.0,True,10044225,10059024,10044225,10059024
transfusions reaction,Allergic transfusion reaction,Transfusion reaction,Allergische Transfusionsreaktion,Transfusionsreaktion,False,False,False,81.63265306122449,False,False,76.92307692307692,False,10066173,10066173,10044359,10044359
trush oral,Thrush oral,Thrush oral,Orale Candidose,Orale Candidose,True,True,True,100.0,True,True,100.0,True,10043653,10030963,10043653,10030963
tumorllysis syndrome,Tumor lysis syndrome,Clinical tumor lysis syndrome,Tumorlysesyndrom,Tumorlysesyndrom,False,True,False,81.63265306122449,False,True,100.0,True,10045152,10045170,10078189,10045170
Tumorlysesyndrom nach FLAG-IDA,Tumor lysis syndrome,Tumor lysis syndrome,Tumorlysesyndrom,Tumorlysesyndrom,True,True,True,100.0,True,True,100.0,True,10045152,10045170,10045152,10045170
tumorlysis with acute kidney injury,Tumor lysis syndrome,Tumor lysis syndrome,Tumorlysesyndrom,Tumorlysesyndrom,True,True,True,100.0,True,True,100.0,True,10045152,10045170,10045152,10045170
Urin output Decreased,Urine output decreased,Urine output decreased,Urinausscheidung vermindert,Urinausscheidung vermindert,True,True,True,100.0,True,True,100.0,True,10059895,10059895,10059895,10059895
uveitis anterior involving synechien left,Uveitis anterior,Anterior uveitis,,,False,True,False,50.0,False,False,0.0,False,10046852,10022941,10002709,10022941
Veno occlusive disease with acute lever failure,Venoocclusive liver disease,Venoocclusive liver disease,Leberkrankheit mit Venenokklusion,Leberkrankheit mit Venenokklusion,True,True,False,98.18181818181819,True,True,100.0,True,10047216,10047216,10047216,10047216
ventricular fibrallation,Ventricular fibrillation,Ventricular fibrillation,Kammerflimmern,Kammerflimmern,True,True,True,100.0,True,True,100.0,True,10047290,10047290,10047290,10047290
ventricular tachycardia,Ventricular tachycardia,Ventricular tachycardia,Tachykardie ventrikulaer,Tachykardie ventrikulaer,True,True,True,100.0,True,True,100.0,True,10047302,10047302,10047302,10047302
volvulus,Volvulus,Volvulus,Verschlingung,Verschlingung,True,True,True,100.0,True,True,100.0,True,10047697,10047697,10047697,10047697
Vomitting,Vomiting,Vomiting,Erbrechen,Erbrechen,True,True,True,100.0,True,True,100.0,True,10047700,10047700,10047700,10047700
weakness and dissyness with pancytopenia,Pancytopenia,Pancytopenia,Panzytopenie,Panzytopenie,True,True,True,100.0,True,True,100.0,True,10033661,10033661,10033661,10033661
worsening of general condition,General physical health deterioration,General physical health deterioration,Generelle Verschlechterung des physischen Gesundheitszustandes,Generelle Verschlechterung des physischen Gesundheitszustandes,True,True,True,100.0,True,True,100.0,True,10049438,10049438,10049438,10049438
worsening of peripheral ischemia (right foot),Peripheral ischaemia NOS,Peripheral ischemia NOS,,,False,True,False,97.87234042553192,True,False,0.0,False,10034577,10034576,10034579,10034576
worsening of pre-existing Hypertension,Hypertension aggravated,Hypertension worsened,Hypertonie,Hypertonie,False,True,False,72.72727272727273,False,True,100.0,True,10020773,10020772,10020799,10020772
wound healing disorder,Wound healing delayed,Wound healing disturbance of,Verzoegerte Heilung,Verzoegerte Heilung,False,True,False,69.38775510204081,False,True,100.0,True,10048036,10021519,10048037,10021519
ZVK assoziierte Jugularisvenenthrombose rechts,Jugular vein thrombosis,Jugular vein thrombosis,Jugularvenenthrombose,Jugularvenenthrombose,True,True,True,100.0,True,True,100.0,True,10023237,10023237,10023237,10023237
ZVK Infection,Catheter site infection,Varicella zoster virus infection,Infektion an der Katheterstelle,Varizella zoster-Virusinfektion,False,False,False,61.81818181818181,False,False,29.032258064516125,False,10056520,10056520,10075611,10075611
